,longitude,latitude
0,4.8935952,52.373749700000005
1,4.925171,52.36059960000001
2,4.9255604,52.35598900000001
3,4.9186348,52.3567889
4,4.917723299999999,52.357125899999986
5,4.9280958,52.354810400000005
6,4.9269471,52.35425
7,4.9173053,52.34836980000001
8,4.8911767,52.351496100000006
9,4.905884099999999,52.34525210000001
10,4.9061297999999995,52.344565800000005
11,4.890992600000001,52.348120400000006
12,4.905686599999999,52.34571969999999
13,4.904733199999999,52.348235300000006
14,4.9034904,52.35146739999998
15,4.9027669,52.353296
16,4.8937863,52.35328830000001
17,4.892502999999999,52.3531295
18,4.900472399999999,52.37648589999999
19,4.897909599999999,52.37708510000001
20,4.8963754,52.375954400000005
21,4.9289933,52.36315249999999
22,4.9011882,52.37297689999999
23,4.8991163,52.371915
24,4.899888899999999,52.37291210000001
25,4.9001515,52.3732425
26,4.900309599999999,52.3737013
27,4.9017078,52.374071099999995
28,4.894715899999999,52.36669080000001
29,4.895327799999999,52.368020300000005
30,4.9117046,52.37113399999999
31,4.8974337,52.375458300000005
32,4.8889175,52.352654199999996
33,4.945052399999999,52.3113257
34,4.8682145,52.3842205
35,4.8444223,52.3519506
36,4.880268899999999,52.341546300000005
37,4.8545359999999995,52.3424865
38,4.9217468,52.36894879999999
39,4.889062299999999,52.35711059999999
40,4.8865875,52.3780018
41,4.895255,52.37092750000001
42,4.8918487,52.3530404
43,4.892582099999999,52.35313849999999
44,4.893858699999999,52.3540322
45,4.8936554999999995,52.3543439
46,4.889963299999999,52.352787600000006
47,4.8875543,52.35215240000001
48,4.888074499999999,52.352220900000006
49,4.888981399999999,52.35234549999999
50,4.7932592,52.3411396
51,4.8963879,52.3717749
52,4.8919511,52.374299799999996
53,4.9301104,52.383762600000004
54,4.9274741,52.3555711
55,4.9257723,52.35522279999999
56,4.9289667,52.355173
57,4.8915964,52.3318651
58,4.927147,52.356693899999996
59,4.928233099999999,52.36205629999999
60,4.8929585,52.3692555
61,4.85707,52.3512001
62,4.850327000000001,52.350891499999996
63,4.848644299999999,52.351766700000006
64,4.8461606,52.35170749999999
65,4.8276799,52.3584417
66,4.8268358,52.3585173
67,4.8262917,52.3591448
68,4.856948099999999,52.3307698
69,4.9057738,52.3455467
70,4.9118108,52.36620969999999
71,4.9116659,52.36606149999999
72,4.911176000000001,52.3635596
73,4.8924135,52.36764260000001
74,4.9138248,52.39376190000001
75,4.9116177,52.3660271
76,4.944758,52.312738200000005
77,4.883855699999999,52.374863399999995
78,4.8986443,52.3632827
79,4.8987669,52.363005400000006
80,4.8926577,52.3654467
81,4.9003082,52.37353559999999
82,4.8844033,52.363969399999995
83,4.8845382,52.36410360000001
84,4.8891296,52.3698955
85,4.8985572,52.36349070000001
86,4.835454,52.387118599999994
87,4.8483173,52.3786322
88,4.8792088,52.356812600000005
89,4.878781999999999,52.4372401
90,4.878408,52.3579755
91,4.8955024,52.3658484
92,4.901160999999999,52.3753852
93,4.9011363,52.3754456
94,4.822079199999999,52.381599900000005
95,4.886263699999999,52.3775885
96,4.8915885,52.3743286
97,4.8916595,52.37441549999999
98,4.888633,52.3547606
99,4.888504299999999,52.356045
100,4.8886451,52.35703770000001
101,4.8887506,52.357371
102,4.8887434,52.35777800000001
103,4.8888704,52.3584175
104,4.8831414,52.3606764
105,4.8797621,52.3600875
106,4.8742446,52.36228669999999
107,4.883307699999999,52.36218689999999
108,4.8827502,52.3629202
109,4.883154099999999,52.3625079
110,4.8834726,52.3622945
111,4.883100999999999,52.363119999999995
112,4.8759194,52.3622297
113,4.874813999999999,52.3638495
114,4.8710042,52.355853499999995
115,4.8707638,52.355672899999995
116,4.8785872,52.4370987
117,4.8728348,52.3659848
118,4.9068874,52.3574883
119,4.8611642999999995,52.36096200000001
120,4.9107492,52.3909805
121,4.9002791,52.3757889
122,4.8994544,52.3762358
123,4.911710599999999,52.370818199999995
124,4.9016073,52.377979999999994
125,4.8908642,52.380515800000005
126,4.9216625,52.36897179999999
127,4.882324599999999,52.37675519999999
128,4.8730424999999995,52.37434809999999
129,4.826974999999999,52.35316159999999
130,4.827028399999999,52.3540339
131,4.8268513,52.356403500000006
132,4.8465739,52.31140769999999
133,4.847139699999999,52.3109584
134,4.8986226,52.371320999999995
135,4.8526367,52.371250700000004
136,4.854512999999999,52.3510638
137,4.875393399999999,52.31316129999998
138,4.8749428,52.313081000000004
139,4.7860864,52.3430601
140,4.866236699999999,52.3460697
141,4.8668971,52.34603189999999
142,4.8887034,52.3686609
143,4.8961885999999994,52.3645714
144,4.892136599999999,52.37944709999999
145,4.913734599999999,52.42898160000001
146,4.9033085,52.365431599999994
147,4.875379400000001,52.31836119999999
148,4.8397507,52.3498636
149,4.910568099999999,52.363695299999996
150,4.910597599999999,52.3637583
151,4.9004373,52.377503
152,4.826483699999999,52.35587900000001
153,4.934465499999999,52.368636499999994
154,4.9401995,52.3713201
155,4.8852731,52.363605299999996
156,4.810042899999999,52.345322399999986
157,4.8565512,52.35104329999999
158,4.8756927999999995,52.440411700000006
159,4.7947296,52.33744089999999
160,4.786221099999999,52.3426275
161,4.7906376,52.3412264
162,4.817291799999999,52.3261001
163,4.901904,52.3740057
164,4.871060299999999,52.325718099999996
165,4.880677799999999,52.3693392
166,4.8825861999999995,52.3615027
167,4.902213400000001,52.373872199999994
168,4.9022825,52.3738401
169,4.887182,52.41482199999999
170,4.8609154,52.348241299999984
171,4.9178945999999994,52.356866499999995
172,4.826586799999999,52.37415819999999
173,4.9008899,52.375491800000006
174,4.896630200000001,52.3621972
175,4.8855738,52.37789819999999
176,4.9285149,52.360674
177,4.9077158,52.3715795
178,4.9081512,52.37586929999999
179,4.912794899999999,52.36783539999999
180,4.914240599999999,52.3688499
181,4.8937076,52.37153990000001
182,4.8752152,52.372219300000005
183,4.920204999999999,52.38206159999999
184,4.888639699999999,52.36957800000001
185,4.8851835999999995,52.3630587
186,4.9331415,52.3547948
187,4.9377539,52.3553428
188,4.9011141,52.3750398
189,4.9010328,52.3755716
190,4.898278499999999,52.3663295
191,4.8980317,52.3681585
192,4.8734487,52.38124139999999
193,4.8848361,52.38412019999999
194,4.8771881,52.38292510000001
195,4.886448599999999,52.3832461
196,4.8879657,52.382352399999995
197,4.8932944,52.37963609999999
198,4.8931984,52.3796886
199,4.8937259,52.37940450000001
200,4.8914837,52.38031139999999
201,4.8937715,52.3793782
202,4.8913443,52.380348
203,4.8907284,52.3805781
204,4.904308,52.34954030000001
205,5.005410599999999,52.35281379999999
206,4.913405799999999,52.3578023
207,4.9129258,52.35845840000001
208,4.859087499999999,52.364108899999984
209,4.837659,52.38924899999999
210,4.9334141,52.3512241
211,4.9197846,52.35470049999999
212,4.918369299999999,52.356413100000005
213,4.936884599999999,52.3697596
214,4.8995158,52.357703599999994
215,4.896147499999999,52.36533909999999
216,4.8838952,52.364279499999995
217,4.88345,52.3640344
218,4.883528599999999,52.3635772
219,4.893495,52.3694073
220,4.891157299999999,52.3688767
221,4.894302499999999,52.3674539
222,4.893667299999999,52.3548097
223,4.8896402,52.40134880000001
224,4.8749777,52.37184269999999
225,4.8701973999999995,52.3697807
226,4.8911961,52.3574253
227,4.857111799999999,52.3710583
228,4.856793299999999,52.352126399999996
229,4.882996099999999,52.36643889999999
230,4.886022499999999,52.37225899999999
231,4.8763748,52.3654913
232,4.994942499999999,52.35936149999999
233,4.823936599999999,52.381288999999995
234,4.9115789,52.3762931
235,4.913688600000001,52.3572582
236,4.9118522,52.3567746
237,4.9686461,52.3809218
238,4.882774099999999,52.3647013
239,4.859499,52.377471099999994
240,4.8848899999999995,52.363648199999986
241,4.8847921,52.3639322
242,4.8847449,52.363749000000006
243,4.8847235,52.36354839999999
244,4.884540199999999,52.3638816
245,4.884194299999999,52.3643571
246,4.8842525,52.3642942
247,4.884381399999999,52.3642096
248,4.884681499999999,52.3640102
249,4.884143299999999,52.3644198
250,4.8846075,52.3634912
251,4.8842258,52.364083099999995
252,4.883981099999999,52.364485200000004
253,4.8841341,52.36416940000001
254,4.8849795,52.36378539999998
255,4.8848237,52.363334300000005
256,4.8851083,52.363725699999996
257,4.8840332,52.364193799999995
258,4.8849115,52.36339689999999
259,4.9004947,52.36182449999999
260,4.8846914,52.363178399999995
261,4.8850519,52.3628586
262,4.8854166,52.3635176
263,4.8848025,52.36309440000001
264,4.8848499,52.363064099999995
265,4.8844538,52.363605099999994
266,4.8861759,52.36234259999999
267,4.8845121,52.3630261
268,4.8856025999999995,52.3633664
269,4.885264699999999,52.3634013
270,4.8847519,52.36313669999999
271,4.885136799999999,52.3631049
272,4.8848889,52.3639005
273,4.8826496,52.36513990000001
274,4.8853422,52.3636437
275,4.8854331,52.3638952
276,4.885478699999999,52.3637143
277,4.885410399999999,52.36368
278,4.8828626,52.36501819999999
279,4.889591799999999,52.366810799999996
280,4.8895201,52.3668368
281,4.8894283,52.3668692
282,4.897694,52.366149
283,4.853910699999999,52.357981499999994
284,4.9259729,52.36002599999999
285,4.936095399999999,52.3615654
286,4.8893249,52.376797499999995
287,4.9400559,52.377159
288,4.921443499999999,52.37694960000001
289,4.9363092,52.3740065
290,4.9339102,52.3658993
291,4.931395099999999,52.37196749999999
292,4.9415271,52.3765161
293,4.8081004,52.3602051
294,4.882526099999999,52.3757295
295,4.925479799999999,52.359297999999995
296,4.930985,52.3537104
297,4.8824419,52.37107019999999
298,4.8697708,52.3871553
299,4.8808038,52.37981079999999
300,4.881137299999999,52.3736441
301,4.8793053,52.373391000000005
302,4.8814941,52.37468930000001
303,4.940375099999999,52.3635809
304,4.8838974,52.362800699999994
305,4.872761499999999,52.37426119999999
306,4.8733,52.3748
307,4.913584199999999,52.3593177
308,4.8789597,52.38365470000001
309,4.8542756,52.35393150000001
310,4.8004334,52.3580668
311,4.872697,52.339909
312,4.7972765,52.3517069
313,4.7983306,52.3515004
314,4.8640063,52.362435
315,4.859971799999999,52.3597871
316,4.8655535,52.360961800000005
317,4.865472399999999,52.3609457
318,4.898285999999999,52.375358
319,4.8980529,52.3663271
320,4.892435599999999,52.3748089
321,4.8955526,52.36902799999999
322,4.7831971,52.36117019999998
323,4.880571199999999,52.3640307
324,4.871559399999999,52.35145849999999
325,4.8743677,52.351258599999994
326,4.8842366,52.3543672
327,4.8500651999999995,52.350894999999994
328,4.8737039,52.3360706
329,4.900300099999999,52.3736127
330,4.8899888,52.366635099999996
331,4.907475699999999,52.371644299999986
332,4.8956641,52.3765273
333,4.8826765,52.37360830000001
334,4.889167,52.35053320000001
335,4.8780769,52.37289150000001
336,4.8853391,52.3801539
337,4.8893218,52.344466399999995
338,4.908566,52.38683699999999
339,4.8836467,52.361479399999986
340,4.8921822,52.37429289999999
341,4.884282299999999,52.3704351
342,4.8838082,52.370455699999994
343,4.9347391,52.374151399999995
344,4.9009356,52.3756793
345,4.9008836,52.3750547
346,4.901105799999999,52.375496999999996
347,4.9010587,52.37554229999999
348,4.902047399999999,52.37235950000001
349,4.874257899999999,52.3361779
350,4.9968815,52.434259899999994
351,4.9301187,52.3750168
352,4.972936299999999,52.322785
353,4.9748068,52.32264250000001
354,4.896148,52.366428
355,4.930056099999999,52.36103539999999
356,4.926086699999999,52.36004690000001
357,4.906285399999999,52.3541976
358,4.922891399999999,52.355251300000006
359,4.88688,52.3752896
360,4.8858097,52.37037800000001
361,4.918379899999999,52.35007199999999
362,4.8836566,52.3641394
363,4.882714999999999,52.3647599
364,4.8656743,52.3857237
365,4.8905157,52.35728170000001
366,4.8904952999999995,52.3570239
367,4.891031,52.3574228
368,4.8896773,52.35755300000001
369,4.8894442,52.3672975
370,4.8907850999999996,52.3565041
371,4.8748401,52.38458309999999
372,4.821259899999999,52.3714116
373,4.8897795,52.3648567
374,4.892132299999999,52.3561902
375,4.8903816,52.34467070000001
376,4.9090476,52.38647649999999
377,4.889927999999999,52.366495699999994
378,4.8969539,52.36571610000001
379,4.896117799999999,52.3656007
380,4.938892299999999,52.33249680000001
381,4.938725999999999,52.32529799999999
382,4.885506300000001,52.3813021
383,4.939274599999999,52.332470300000004
384,4.9271778,52.3561694
385,4.8196528,52.378082299999996
386,4.898939399999999,52.3748435
387,4.8900626,52.36659939999999
388,4.9365843,52.3638932
389,4.935803399999999,52.3635194
390,4.9352161,52.364115999999996
391,4.9334136,52.3635227
392,4.9345159999999995,52.36358979999999
393,4.9295914,52.36324750000001
394,4.928454199999999,52.3630379
395,4.9331802,52.3635063
396,4.9283474,52.36096969999999
397,4.9248204,52.36195899999999
398,4.9184467,52.3571793
399,4.9178049,52.3569932
400,4.9181333,52.3575413
401,4.9001332,52.373427
402,4.9266757,52.3636444
403,4.9253187,52.360424300000005
404,4.9260561,52.36473519999999
405,4.9074808999999995,52.3557332
406,4.9074402,52.35581779999999
407,4.907858199999999,52.35580779999999
408,4.9074188,52.3558522
409,4.909531899999999,52.3561912
410,4.881008799999999,52.364280099999995
411,4.8912975,52.3725793
412,4.891096199999999,52.372514899999985
413,4.891576299999999,52.3725959
414,4.8599027999999995,52.325528599999984
415,4.8736896,52.3619696
416,4.8733405,52.36245829999999
417,4.8760411999999995,52.3631469
418,4.8753654,52.3623193
419,4.857080099999999,52.34859729999999
420,4.8747446,52.36532210000001
421,4.8761265,52.3656922
422,4.8744261,52.364907
423,4.874319999999999,52.3651864
424,4.912654400000001,52.354594
425,4.898485,52.3751045
426,4.940447000000001,52.3604692
427,4.8672763,52.3635226
428,4.8762231,52.36366919999999
429,4.9348568,52.3624869
430,4.8865459,52.37535390000001
431,4.888767499999999,52.374709900000006
432,4.872408,52.362213100000005
433,4.8714216,52.3668556
434,4.7996803,52.341382900000006
435,4.9433628999999994,52.37698280000001
436,4.791894799999999,52.3563657
437,4.8266758,52.3596125
438,4.887812199999999,52.354740099999994
439,4.8917232,52.356845400000005
440,4.8924627,52.3565111
441,4.8921411,52.3566003
442,4.890282299999999,52.3544166
443,4.890769099999999,52.356427200000006
444,4.8904068,52.356470099999996
445,4.890357099999999,52.3557906
446,4.8896899,52.3553553
447,4.889856,52.35538319999999
448,4.8907224,52.3560811
449,4.8925635,52.355762
450,4.8890004,52.355812400000005
451,4.8888207,52.355943499999995
452,4.8886773,52.35451079999999
453,4.889261899999999,52.35464419999999
454,4.8896402,52.3549752
455,4.8872973,52.354752399999995
456,4.8980852,52.35632270000001
457,4.8982139,52.35561549999999
458,4.8994727,52.356516
459,4.899915899999999,52.3568467
460,4.902082,52.35729700000001
461,4.8987826,52.3563096
462,4.894678899999999,52.3524311
463,4.891505,52.35734849999999
464,4.8943669,52.3530525
465,4.8915299999999995,52.3478993
466,4.899233,52.35384779999998
467,4.901679299999999,52.354565
468,4.902372799999999,52.353680100000005
469,4.888436,52.3556713
470,4.887401599999999,52.3547449
471,4.898333299999999,52.3556536
472,4.900080799999999,52.3566046
473,4.890334499999999,52.3540959
474,4.900390599999999,52.3740475
475,4.876578299999999,52.3722133
476,4.8517996,52.3619264
477,4.884919999999999,52.386492
478,4.8735232,52.3555238
479,4.835199599999999,52.3697304
480,4.8441167,52.368119
481,4.884009399999999,52.3761561
482,4.8857191,52.365356699999985
483,4.8832081,52.37157959999999
484,4.881768,52.3770366
485,4.8832208,52.37168569999999
486,4.8924763,52.3557472
487,4.8883031,52.35444530000001
488,4.8754197,52.3555256
489,4.894541899999999,52.3512033
490,4.9121073,52.37011429999998
491,4.885277399999999,52.38142040000001
492,4.886160499999999,52.3805948
493,4.8852766999999995,52.37822729999999
494,4.8834292,52.3779678
495,4.882168899999999,52.37644349999999
496,4.885090599999999,52.37885789999999
497,4.883357999999999,52.378099299999995
498,4.8819791,52.3768248
499,4.8848886,52.3770744
500,4.8787709,52.37308560000001
501,4.8890993,52.38168160000001
502,4.882913,52.3845801
503,4.889018799999999,52.37719179999999
504,4.8886074,52.377189699999995
505,4.8893170999999995,52.3767704
506,4.894498799999999,52.3787473
507,4.8966526,52.3780859
508,4.8912919,52.375857700000005
509,4.890237899999999,52.374545299999994
510,4.8946958,52.37734259999999
511,4.894640299999999,52.37878789999999
512,4.8959275,52.3779394
513,4.8946522,52.3773168
514,4.8941772,52.3768536
515,4.8955288,52.378081499999986
516,4.8946267,52.37727219999999
517,4.8942271,52.3770954
518,4.8939878,52.377712499999994
519,4.8950816999999995,52.3773967
520,4.8940478,52.377300000000005
521,4.894073199999999,52.3783449
522,4.8955733,52.37805469999999
523,4.8925048,52.37593789999999
524,4.8917919,52.3760977
525,4.8923684,52.3762179
526,4.892169599999999,52.3761624
527,4.891096299999999,52.3752589
528,4.8949789,52.3787174
529,4.8933219,52.37984339999999
530,4.892561799999999,52.37421350000001
531,4.892723199999999,52.3742322
532,4.8947431,52.37614599999999
533,4.8947918,52.3763575
534,4.894726,52.3763616
535,4.895290799999999,52.3757528
536,4.894667199999999,52.37637029999999
537,4.8945522,52.3761452
538,4.8972206,52.3765427
539,4.893945,52.3753635
540,4.894170399999999,52.3761436
541,4.894933999999999,52.376146799999994
542,4.8966233,52.376108800000004
543,4.897356899999999,52.377496
544,4.8938037,52.37610610000001
545,4.896011299999999,52.3756749
546,4.895749299999999,52.375467099999995
547,4.8962763,52.37762829999999
548,4.893075299999999,52.3756268
549,4.896565999999999,52.3777974
550,4.897613699999999,52.3768499
551,4.8948459,52.376146399999996
552,4.8965036,52.37778840000001
553,4.879958599999999,52.37069100000001
554,4.882512599999999,52.3720139
555,4.881526699999999,52.3700647
556,4.8840952,52.3723081
557,4.8835144,52.3704638
558,4.8838574999999995,52.37387120000001
559,4.883813199999999,52.37387939999999
560,4.8831841,52.3711361
561,4.8857639,52.3736561
562,4.8877667,52.3683332
563,4.8892712,52.3703979
564,4.8892329,52.3702562
565,4.8891987,52.37007069999999
566,4.8889309,52.3692657
567,4.8886235,52.3693703
568,4.8885882,52.36910739999999
569,4.889139299999999,52.3690672
570,4.8905621,52.36919900000001
571,4.8909682,52.3722745
572,4.8926194,52.371688199999994
573,4.8907201,52.3695142
574,4.8906317,52.3682105
575,4.890585999999999,52.36872519999999
576,4.890326,52.367993600000005
577,4.8905863,52.3682911
578,4.8984883,52.36811749999999
579,4.894389899999999,52.3722528
580,4.894433899999999,52.37225299999999
581,4.8946257,52.3721729
582,4.896585999999999,52.371516
583,4.895215099999999,52.37198660000001
584,4.895274099999999,52.3719689
585,4.8953183,52.3719511
586,4.8966449,52.3741944
587,4.8953459,52.372113000000006
588,4.898844800000001,52.37487139999999
589,4.898567999999999,52.3755417
590,4.8984803999999995,52.375496399999996
591,4.8983261,52.3753933
592,4.9008127,52.3757396
593,4.8982385,52.3734641
594,4.897448,52.3713848
595,4.901156,52.3749604
596,4.9004744,52.374452999999995
597,4.9012674,52.37314409999998
598,4.9019071,52.372418499999995
599,4.900406699999999,52.3712531
600,4.9000321,52.37193460000001
601,4.9022179999999995,52.37206950000001
602,4.902828399999999,52.375397400000004
603,4.9034695,52.3731621
604,4.9024018,52.3754586
605,4.8972106,52.36680900000001
606,4.8972106,52.366794000000006
607,4.895090499999999,52.365894999999995
608,4.895312399999999,52.365866399999994
609,4.8982866,52.3664899
610,4.900260099999999,52.3658779
611,4.895202,52.36654899999999
612,4.895505599999999,52.36565149999999
613,4.893300099999999,52.3659389
614,4.8954249999999995,52.36629829999999
615,4.893256899999999,52.3658668
616,4.8935844,52.3667759
617,4.893410699999999,52.3665595
618,4.8974538999999995,52.36564570000001
619,4.8935261,52.3667398
620,4.893519899999999,52.36596639999999
621,4.8983335,52.3661336
622,4.893636399999999,52.36608449999999
623,4.8915161,52.366587599999995
624,4.8901805,52.366564000000004
625,4.890755999999999,52.366323400000006
626,4.8905627,52.366507500000004
627,4.891167599999999,52.3662625
628,4.8913863,52.36639829999999
629,4.891502,52.3665156
630,4.887771,52.368009799999996
631,4.8893177,52.366754400000005
632,4.8887021,52.3635469
633,4.8849034,52.363207700000004
634,4.885006199999999,52.363486800000004
635,4.8848555,52.3635486
636,4.8848679,52.3628166
637,4.885071399999999,52.36271709999999
638,4.8857879,52.3623691
639,4.8835362,52.3625483
640,4.8857331,52.3638861
641,4.8863852,52.361420999999986
642,4.8838539999999995,52.36463270000001
643,4.892331499999999,52.3632692
644,4.804034499999999,52.4003694
645,4.896196099999999,52.3642882
646,4.897896199999999,52.3645379
647,4.897926999999999,52.3644302
648,4.898110099999999,52.3646128
649,4.898175899999999,52.3644527
650,4.8980326,52.36417
651,4.8977605,52.3648789
652,4.8985843,52.36339929999998
653,4.898629199999999,52.3633186
654,4.898735099999999,52.3630404
655,4.8989994999999995,52.36169339999999
656,4.8991054,52.3614062
657,4.899135399999999,52.3613524
658,4.899279699999999,52.3616137
659,4.901404,52.36198190000001
660,4.8994,52.36133550000001
661,4.8965314,52.36052380000001
662,4.8982247,52.36272379999998
663,4.891748,52.3589849
664,4.891891500000001,52.3619155
665,4.891435599999999,52.360691199999984
666,4.8914216999999995,52.36060129999999
667,4.8912454,52.35986659999999
668,4.8873508999999995,52.361025
669,4.8833259,52.398693
670,4.9027985,52.3687268
671,4.9026849,52.36836840000001
672,4.905523,52.3688372
673,4.9018857,52.36628000000001
674,4.904228,52.3668917
675,4.884666799999999,52.36662309999999
676,4.9059692,52.35932220000001
677,4.9052427,52.3599843
678,4.9048274,52.3617263
679,4.9108398,52.3623528
680,4.9049119,52.360702
681,4.911928499999999,52.3662119
682,4.919213,52.363267
683,4.925345699999999,52.3678928
684,4.9265127,52.3686253
685,4.9242862,52.36811329999999
686,4.908551299999999,52.3757981
687,4.8164825,52.31765099999999
688,4.8955025,52.383796200000006
689,4.9275303,52.35700429999999
690,4.855642099999999,52.3272943
691,4.8573225,52.31690069999999
692,4.8856647,52.380517100000006
693,4.880431599999999,52.3883897
694,4.8785934,52.390906099999995
695,4.8786726,52.390620099999985
696,4.8795677,52.388962400000004
697,4.872464399999999,52.3863242
698,4.8680563999999995,52.38643969999999
699,4.815896199999999,52.360322
700,4.8015803,52.3625817
701,4.8022077,52.358423499999994
702,4.8016953,52.3583221
703,4.800167499999999,52.35840439999999
704,4.7949748,52.3570034
705,4.799931099999999,52.3517967
706,4.7923202,52.3568283
707,4.7868223,52.3552367
708,4.786236799999999,52.355116900000006
709,4.786503999999999,52.355981
710,4.786353600000001,52.35624990000001
711,4.863297300000001,52.31470429999999
712,4.8756343,52.31327449999999
713,4.8757622,52.3130132
714,4.814623599999999,52.3347833
715,4.847837599999999,52.3785301
716,4.848317,52.3753416
717,4.870159599999999,52.381173200000006
718,4.8714104,52.3847557
719,4.8716392,52.38528699999999
720,4.871850399999999,52.37975149999999
721,4.8708325,52.38266809999999
722,4.8660187,52.3698485
723,4.8733527,52.3717771
724,4.8658950999999995,52.3701224
725,4.871575899999999,52.3684962
726,4.862017999999999,52.364762
727,4.867075,52.370081899999995
728,4.8784358,52.3647991
729,4.876817,52.3629744
730,4.875842899999999,52.3680958
731,4.9397646,52.36323860000001
732,4.8741366,52.3785962
733,4.8727225,52.3742099
734,4.863871099999999,52.362637799999995
735,4.8656923,52.360140300000005
736,4.8555777,52.3711146
737,4.8625465,52.3716666
738,4.925577299999999,52.37949679999999
739,4.851198899999999,52.368946900000005
740,4.8541646,52.36410639999999
741,4.8616597,52.369676399999996
742,4.859654199999999,52.37140350000001
743,4.8543856,52.358202399999996
744,4.857219699999999,52.346165
745,4.8633988,52.3529488
746,4.8694646,52.353892399999985
747,4.8779295,52.35811739999999
748,4.8774651,52.3599445
749,4.8813254,52.3602398
750,4.8857593999999995,52.35242600000001
751,4.880526399999999,52.3556659
752,4.880556399999999,52.35561209999999
753,4.8806241,52.35481229999999
754,4.881291799999999,52.35386760000001
755,4.863229399999999,52.3511506
756,4.8602875999999995,52.3504455
757,4.865207799999999,52.3464138
758,4.877681000000001,52.3490746
759,4.8657262,52.3460116
760,4.8584023,52.34441360000001
761,4.8595568,52.3452473
762,4.8590157,52.34515479999999
763,4.859047599999999,52.3448849
764,4.869917799999999,52.340197
765,4.888789799999999,52.35739830000001
766,4.8889905,52.3556354
767,4.8886429,52.35698569999999
768,4.888619,52.35678729999999
769,4.8892645,52.3548687
770,4.892620499999999,52.3557799
771,4.8921254,52.3554273
772,4.8935679,52.3556788
773,4.9004863,52.3560194
774,4.899619,52.3574538
775,4.9006053000000005,52.3558851
776,4.900309099999999,52.354706699999994
777,4.895174399999999,52.355799600000005
778,4.8980656,52.3558475
779,4.896224899999999,52.35606380000001
780,4.8912124,52.3531138
781,4.8884726999999994,52.3526078
782,4.893398499999999,52.354677699999996
783,4.8869036,52.3498779
784,4.890074299999999,52.35245279999999
785,4.894519599999999,52.35152289999999
786,4.8917609,52.35125550000001
787,4.8918646,52.351175
788,4.8952191,52.35150439999999
789,4.901798099999999,52.3537215
790,4.9027472,52.3532513
791,4.902609999999999,52.3550748
792,4.901914299999999,52.354245500000005
793,4.8899723999999996,52.3445162
794,4.891124199999999,52.3451951
795,4.906987499999999,52.3439034
796,4.9068543,52.3426535
797,4.9074269,52.34398600000001
798,4.9077293,52.343160399999995
799,4.9022604,52.342724700000005
800,4.9023221,52.33888889999999
801,4.8838194,52.33193419999999
802,4.883447199999999,52.32594679999999
803,4.8846815999999995,52.32432180000001
804,4.885178799999999,52.324597
805,4.8846736,52.3245345
806,4.8846818,52.32444209999999
807,4.8792379,52.3258838
808,4.877930999999999,52.328565600000005
809,4.8754298,52.3317455
810,4.8770566,52.331896300000004
811,4.874297399999999,52.335793999999986
812,4.8730281,52.33645370000001
813,4.8700968,52.3374295
814,4.8726196999999996,52.33653069999999
815,4.8731259,52.3356002
816,4.868165199999999,52.325683
817,4.8634041,52.35126439999999
818,4.9353521,52.36860540000001
819,4.912677,52.350094
820,4.9082387,52.357147399999995
821,4.911944599999999,52.3537829
822,4.9128486,52.351595599999996
823,4.9183469,52.356525100000006
824,4.9132049,52.3580931
825,4.9262808,52.364188999999996
826,4.926269,52.362272600000004
827,4.9264374,52.3623077
828,4.9393851,52.361808100000005
829,4.925913199999999,52.3600134
830,4.929550299999999,52.354562300000005
831,4.9415582,52.35447330000001
832,4.940322100000001,52.3649243
833,4.9399163,52.3639103
834,4.930571799999999,52.352292399999996
835,4.956661,52.3393089
836,4.962065399999999,52.3382778
837,5.0130635,52.3431291
838,4.9300496,52.35641969999999
839,4.9473023,52.34298299999999
840,4.925550799999999,52.3453343
841,5.003309099999999,52.352874199999995
842,4.9971352,52.354505399999994
843,4.9978966,52.35413280000001
844,4.9994061,52.35328940000001
845,5.002320599999999,52.351774500000005
846,5.0027628,52.35155119999999
847,5.005645599999999,52.3530054
848,5.005838399999999,52.35314050000001
849,5.0064765,52.35363
850,4.9910385,52.3579755
851,4.9896988,52.35845859999999
852,4.9908398,52.357853000000006
853,4.993957599999999,52.3562017
854,4.975455,52.3610261
855,4.9748701,52.3619299
856,4.8741832,52.4193163
857,4.905752199999999,52.4171929
858,4.8968687,52.4163386
859,4.886173499999999,52.4119439
860,4.8907293,52.4128
861,4.896716,52.39959399999999
862,4.8919788,52.4035919
863,4.8856352,52.4029151
864,4.8923613,52.4000792
865,4.9047579,52.389713699999994
866,4.9133990999999995,52.3907731
867,4.9097707,52.389374799999985
868,4.9141412,52.39694159999999
869,4.914018799999999,52.39189009999999
870,4.9309335,52.4017104
871,4.9395473,52.39811889999999
872,4.9412923,52.397864
873,4.941191699999999,52.397907
874,4.935737199999999,52.40001879999999
875,4.925342399999999,52.3910586
876,4.9127267,52.383589099999995
877,4.9128714,52.3837966
878,4.9254828999999996,52.3871539
879,4.847831,52.3514801
880,4.900714099999999,52.3842879
881,4.884366599999999,52.3636279
882,4.9425753,52.3218067
883,4.9432039,52.322015799999996
884,4.943291599999999,52.3220431
885,4.968576299999999,52.32539779999999
886,4.976172,52.3231206
887,4.9528717,52.3143222
888,4.948413200000001,52.31322990000001
889,4.948921799999999,52.3130302
890,4.955044899999999,52.3155525
891,4.9545901,52.31471639999999
892,4.9431282,52.313450200000005
893,4.9382256,52.3140886
894,4.9929521,52.4371133
895,4.9503591,52.4226681
896,4.914261,52.4284379
897,4.9134615,52.42871170000001
898,4.9144034,52.43181669999999
899,4.9138767,52.42876459999999
900,4.9149528,52.4286473
901,4.913415199999999,52.42922320000001
902,4.9142149999999996,52.4320936
903,4.9114257,52.426549400000006
904,4.911395599999999,52.426458
905,4.9134913,52.430372799999994
906,4.9133842,52.4303759
907,4.9137328,52.430365599999995
908,4.8864415999999995,52.448868100000006
909,4.883318499999999,52.4505379
910,4.888338,52.4408296
911,4.873414499999999,52.37606220000001
912,4.802967,52.4484546
913,4.802365,52.4482169
914,4.8024619,52.4480865
915,4.8238015,52.43934569999999
916,4.8244993,52.43998710000001
917,4.8239307,52.43959790000001
918,4.8243035,52.439443700000005
919,4.825056099999999,52.43899209999999
920,4.8238026,52.439264800000004
921,4.8232294,52.4403855
922,4.8224817,52.441169
923,4.823803799999999,52.439165900000006
924,4.817007199999999,52.4384453
925,4.8248435,52.439521400000004
926,4.8240359,52.439418700000004
927,4.8238953,52.438914700000005
928,4.823819899999999,52.43905809999998
929,4.8242879,52.4396683
930,4.8239999,52.4387804
931,4.821173,52.44257249999998
932,4.8248006,52.439095
933,4.823393199999999,52.4397332
934,4.8210525,52.442675900000005
935,4.822550399999999,52.441809400000004
936,4.8251308,52.438773899999994
937,4.8242449999999995,52.43916800000001
938,4.8239759,52.43950829999999
939,4.8243681,52.439166699999994
940,4.8235169,52.4397577
941,4.819723099999999,52.439017199999995
942,4.8246312,52.4390872
943,4.823151599999999,52.44649669999998
944,4.8261202999999995,52.4397341
945,4.8831699,52.3843887
946,4.9031106,52.383138499999994
947,4.880451599999999,52.3557575
948,4.8803931,52.356029499999984
949,4.857430699999999,52.31762839999999
950,4.8746776,52.3261016
951,4.8637073,52.3149357
952,4.8891462,52.3640505
953,4.8902457,52.3668568
954,4.8904656,52.366820000000004
955,4.8915239999999995,52.3665476
956,4.8729737,52.3373924
957,4.8830301,52.35249170000001
958,4.912558999999999,52.3665845
959,4.892034899999999,52.366615599999996
960,4.893056799999999,52.36655989999999
961,4.875312999999999,52.3131269
962,4.875173400000001,52.3131154
963,4.888798999999999,52.3633111
964,4.8916101,52.367172599999996
965,4.891572,52.3436666
966,4.8987739,52.3636544
967,4.892051299999999,52.3748541
968,4.897903999999999,52.36618699999999
969,4.895171999999999,52.375294000000004
970,4.894709899999999,52.3660053
971,4.867900199999999,52.3673289
972,4.9288126,52.3559762
973,4.863337199999999,52.3530768
974,4.8999895,52.3662833
975,4.9322732,52.377325
976,4.892810599999999,52.37598289999998
977,4.893132999999999,52.375703099999996
978,4.8817584,52.3782562
979,4.8960344000000005,52.377645999999984
980,4.9112086,52.3655267
981,4.9113226,52.36618179999999
982,4.862715499999999,52.364119800000005
983,4.87924,52.35856270000001
984,4.885756,52.36530599999999
985,4.885509999999999,52.365269999999995
986,4.881275,52.36965479999999
987,4.879619,52.36911749999999
988,4.896380199999999,52.377338699999996
989,4.8543991,52.3506538
990,4.882275999999999,52.376314899999976
991,4.9001380999999995,52.37465319999999
992,4.8773404,52.3754261
993,4.873545999999999,52.37435729999999
994,4.8876897999999995,52.36798540000001
995,4.8876376,52.3888328
996,4.887704,52.3888474
997,4.890005899999999,52.38813549999999
998,4.855698199999999,52.3534506
999,4.8885168,52.40005829999999
1000,4.8865677,52.3722357
1001,4.8856813,52.372392100000006
1002,4.890764500000001,52.369243100000006
1003,4.894543699999999,52.37756339999999
1004,4.8945321999999996,52.37725089999999
1005,4.8945442,52.3770479
1006,4.894412999999999,52.377849199999986
1007,4.836764,52.3898525
1008,4.892294099999999,52.359672200000006
1009,4.8796087,52.3629726
1010,4.9535507,52.31490440000001
1011,4.9003215,52.37380919999999
1012,4.857299799999999,52.31611040000001
1013,4.9003851,52.3726932
1014,4.8983095,52.364290399999994
1015,4.931041699999999,52.38375320000001
1016,4.8963021,52.371821199999985
1017,4.871689499999999,52.3675003
1018,4.8917632,52.3556264
1019,4.8997029,52.3573548
1020,4.8898522,52.3504094
1021,4.8836189999999995,52.3530551
1022,4.959816699999999,52.3257037
1023,4.89216,52.36834590000001
1024,4.8925485,52.3680001
1025,4.9166178,52.37295
1026,4.8977881,52.350836599999994
1027,4.912683499999999,52.34957769999999
1028,4.8935867,52.35491509999999
1029,4.8910999,52.36626489999998
1030,4.825505599999999,52.345735899999994
1031,4.8857931,52.390025400000006
1032,4.9728031,52.37162769999999
1033,4.9558358,52.329008200000004
1034,4.831012,52.4214209
1035,4.8383248,52.4217487
1036,4.8457867,52.4462091
1037,4.857264099999999,52.3518479
1038,4.896189,52.36529599999999
1039,4.8743402,52.3568581
1040,4.8940469,52.36589620000001
1041,4.8941718,52.365849999999995
1042,4.899862299999999,52.3802331
1043,4.852682499999999,52.3639676
1044,4.852678999999999,52.36406970000001
1045,4.8079815,52.3601864
1046,4.8912906000000005,52.3503888
1047,4.8989841,52.3758557
1048,4.8885231,52.3703705
1049,4.8434002,52.3706373
1050,4.9003163,52.3742355
1051,4.8992424,52.3761634
1052,4.9020266,52.3766675
1053,4.902050399999999,52.37663560000001
1054,4.9020858,52.3766103
1055,4.9015143,52.37670789999999
1056,4.8969716,52.377864
1057,4.879678799999999,52.36949810000001
1058,4.894117,52.3487287
1059,4.8938324,52.374116099999995
1060,4.8889892,52.36228549999999
1061,4.8951659,52.3515807
1062,4.9206003,52.35393880000001
1063,4.8965759,52.376073600000005
1064,4.895879399999999,52.375593399999985
1065,4.8975293,52.376790400000004
1066,4.8915803,52.369198099999984
1067,4.8926476,52.3719183
1068,4.8976102,52.37123810000001
1069,4.897019499999999,52.371396600000004
1070,4.895549099999999,52.3681257
1071,4.8941508,52.367521599999996
1072,4.896724699999999,52.3701445
1073,4.8949307,52.3703255
1074,4.8965258,52.3713794
1075,4.8950378,52.3720521
1076,4.894970899999999,52.37207899999999
1077,4.8947513,52.37654219999999
1078,4.905737499999999,52.381253900000004
1079,4.8652881,52.3604337
1080,4.8453237,52.446163099999985
1081,4.9314628,52.3711944
1082,4.922017900000001,52.368916299999995
1083,4.888628399999999,52.3773093
1084,4.8987852,52.37566100000001
1085,4.883665,52.38193420000001
1086,4.8990607,52.3760579
1087,4.8993247,52.3760726
1088,4.8991256,52.3759599
1089,4.8990779,52.3759227
1090,4.8990257,52.37588429999999
1091,4.8988791,52.37572159999999
1092,4.8984293,52.3754657
1093,4.897113799999999,52.37456499999999
1094,4.8977515,52.37527899999999
1095,4.8985602,52.37569510000001
1096,4.8986087,52.3757271
1097,4.8986642,52.3757586
1098,4.858863999999999,52.3745578
1099,4.860714799999999,52.3751198
1100,4.861599399999999,52.37521199999998
1101,4.8606241,52.3751103
1102,4.874723999999999,52.3573287
1103,4.884292599999999,52.35959840000001
1104,4.8815186,52.3775757
1105,4.8542466,52.3582364
1106,4.8540536,52.3582966
1107,4.889805399999999,52.3631654
1108,4.8974588,52.365542899999994
1109,4.891174599999999,52.35529989999999
1110,4.882266399999999,52.37030419999999
1111,4.8706729,52.370045
1112,4.8572328,52.345510000000004
1113,4.877345100000001,52.3480151
1114,4.877335,52.34788129999999
1115,4.8733175,52.37476379999999
1116,4.880687699999999,52.35553039999999
1117,4.901290299999999,52.373231499999996
1118,4.853819799999999,52.3629327
1119,4.9025094,52.35664740000001
1120,4.901962199999999,52.35523439999999
1121,4.8927533,52.387479599999985
1122,4.8871912,52.3536039
1123,4.883130799999999,52.36450899999999
1124,4.897744799999999,52.37514629999999
1125,4.911597099999999,52.36597739999999
1126,4.889352799999999,52.3728113
1127,4.8906321,52.3749171
1128,4.8849563,52.363459399999996
1129,4.8780494,52.3657926
1130,4.8922757,52.3554373
1131,4.8897582,52.37277689999999
1132,4.8875769,52.35451040000001
1133,4.8908542,52.36824179999999
1134,4.9020158,52.383829
1135,4.894601799999999,52.3723779
1136,4.9185115999999995,52.3571032
1137,4.9181156999999995,52.356686999999994
1138,4.9100644,52.389767500000005
1139,4.8559331,52.35386989999999
1140,4.8928173,52.3697931
1141,4.9142739,52.375501
1142,4.8514796,52.350878200000004
1143,4.883252199999999,52.3704793
1144,4.8479616,52.34808259999999
1145,4.9119863,52.39356599999999
1146,4.8947588,52.344979099999996
1147,4.8980944,52.364708699999994
1148,4.892453399999999,52.3751984
1149,4.8991317,52.3764894
1150,4.8898757999999996,52.357539900000006
1151,4.8711915999999995,52.36708159999999
1152,4.861266299999999,52.3590726
1153,4.861572099999999,52.3591481
1154,4.8826739,52.37842789999999
1155,4.8009831,52.37841949999999
1156,4.844487299999999,52.3766407
1157,4.8893827,52.3707574
1158,4.8938737,52.362154999999994
1159,4.8507653,52.364435900000004
1160,4.8821546,52.3678876
1161,4.9377238,52.3641736
1162,4.8886240999999995,52.37382349999999
1163,4.907153799999999,52.3775713
1164,4.8970801,52.3563157
1165,4.8798127,52.377886899999986
1166,4.884822599999999,52.3659451
1167,4.8670276999999995,52.376067499999984
1168,4.9055349,52.3550735
1169,4.859698099999999,52.365132100000004
1170,4.8969805,52.35629060000001
1171,4.873248499999999,52.375862
1172,4.8838817,52.3633312
1173,4.8934909,52.3384696
1174,4.8929211,52.3403974
1175,4.8928667,52.339753599999995
1176,4.8401983,52.3535631
1177,4.8839438,52.3692751
1178,4.9132023,52.37640450000001
1179,4.912826199999999,52.3783932
1180,4.8956669999999995,52.377937799999984
1181,4.9060727,52.37632199999999
1182,4.924966799999999,52.387370499999996
1183,4.8922892,52.3531338
1184,4.887512799999999,52.39025349999999
1185,4.8940625,52.3529993
1186,4.876259299999999,52.34301690000001
1187,4.8923378,52.383103199999994
1188,4.9023978,52.37925379999999
1189,4.8941224,52.384725599999996
1190,4.890524199999999,52.3448037
1191,4.9365026,52.398264000000005
1192,4.936258699999999,52.3983704
1193,4.877195,52.34710199999999
1194,4.8852965,52.348522599999995
1195,4.863714600000001,52.35135099999999
1196,4.8930936,52.37035530000001
1197,4.9005138,52.3745826
1198,4.890117699999999,52.3811468
1199,4.891585899999999,52.35170489999998
1200,4.8932024,52.3735434
1201,4.8648585,52.361082199999984
1202,4.8642077,52.359826000000005
1203,4.8637698,52.3628177
1204,4.9453345,52.3131068
1205,4.901387799999999,52.3796913
1206,4.902042099999999,52.379417999999994
1207,4.901012299999999,52.379831299999985
1208,4.887375799999999,52.3676498
1209,4.863234599999999,52.3636288
1210,4.8579499,52.34439379999999
1211,4.959947900000001,52.33840589999999
1212,4.885426399999999,52.375788
1213,4.903221699999999,52.35108399999999
1214,4.8763622,52.3429248
1215,4.8836963,52.352266699999994
1216,4.8723739,52.366522200000006
1217,4.865359999999999,52.3659514
1218,4.878930099999999,52.3684385
1219,4.9131084,52.3489945
1220,4.8898565,52.3563069
1221,4.8732585,52.3559083
1222,4.871309999999999,52.3553896
1223,4.864832699999999,52.361721100000004
1224,4.8651169,52.361266799999996
1225,4.8650861,52.3613142
1226,4.894249499999999,52.37616729999999
1227,4.8845319,52.36529929999999
1228,4.935714699999999,52.35760499999999
1229,4.9110816,52.346745799999994
1230,4.875502,52.3682884
1231,4.8915246,52.3833661
1232,4.8714523,52.33736280000001
1233,4.9474366,52.3692424
1234,4.9006191,52.3553731
1235,4.8326266,52.3924369
1236,4.834068799999999,52.3829895
1237,4.8306327,52.3797652
1238,4.8606612,52.35931849999999
1239,4.883666599999999,52.37389089999999
1240,4.884911699999999,52.3759353
1241,4.892707499999999,52.36553479999999
1242,4.8901279,52.35249700000001
1243,4.892889299999999,52.3700733
1244,4.892832299999999,52.3696788
1245,4.8993918,52.3760976
1246,4.8949746,52.3722558
1247,4.8986834,52.3750358
1248,4.898902099999999,52.3749491
1249,4.898742799999999,52.3750087
1250,4.8974433,52.37398339999999
1251,4.8993151,52.3750254
1252,4.9000401,52.374994400000006
1253,4.898884599999999,52.373996
1254,4.899545599999999,52.375247
1255,4.896551099999999,52.372096
1256,4.863069699999999,52.3639085
1257,4.8632982,52.36353009999999
1258,4.864854499999999,52.36167729999999
1259,4.8645082,52.3622321
1260,4.892873299999999,52.3699816
1261,4.8637913,52.341034099999995
1262,4.8593112,52.3649894
1263,4.9130522,52.352030500000005
1264,4.892908499999999,52.39930499999999
1265,4.8650304,52.36083
1266,4.8871880999999995,52.37780579999999
1267,4.883930300000001,52.3704439
1268,4.897748,52.3657595
1269,4.856255499999999,52.3529034
1270,4.8885998,52.35490469999999
1271,4.8949773,52.34740699999998
1272,4.906844,52.3430106
1273,4.8947588,52.3455969
1274,4.894884799999999,52.3447465
1275,4.895405199999999,52.3439764
1276,4.904037099999999,52.3620231
1277,4.9034977,52.36372469999999
1278,4.9020593,52.3666038
1279,4.902150599999999,52.3666343
1280,4.902371,52.3667071
1281,4.9028429,52.36735740000001
1282,4.9019084,52.366599300000004
1283,4.8964665,52.367799299999994
1284,4.8903007,52.355498100000005
1285,4.964224799999999,52.3738377
1286,4.888872999999999,52.354796599999986
1287,4.8891713999999995,52.3546305
1288,4.8895828,52.3547124
1289,4.8889371,52.354591899999996
1290,4.8894842999999995,52.3549162
1291,4.887300899999999,52.35245229999999
1292,4.8937704,52.3555027
1293,4.8834631,52.37379550000001
1294,4.9076456,52.3554455
1295,4.9008863,52.3758754
1296,4.8938164,52.348781699999996
1297,4.8965007,52.3646381
1298,4.8871515,52.369408199999995
1299,4.8351856,52.3571838
1300,4.880018099999999,52.3959976
1301,4.8974734,52.365514
1302,4.897564199999999,52.36539260000001
1303,4.880366900000001,52.3551716
1304,4.8541247,52.35791029999999
1305,4.8571562,52.35802700000001
1306,4.857094899999999,52.35800899999999
1307,4.8575432,52.35810609999999
1308,4.8792043,52.3732138
1309,4.880900999999999,52.3808003
1310,4.891162099999999,52.355007300000004
1311,4.860096199999999,52.35927229999999
1312,4.8922405,52.380286599999984
1313,4.8822822,52.3662528
1314,4.877758,52.38326169999999
1315,4.881201999999999,52.35827769999999
1316,4.914543599999999,52.3714555
1317,4.8843198,52.3435637
1318,4.870898499999999,52.3375619
1319,4.9506197,52.369164600000005
1320,4.792287699999999,52.3256469
1321,4.8905934,52.3663165
1322,4.858776499999999,52.35843849999999
1323,4.8218188,52.4396887
1324,4.9180275,52.3575682
1325,4.9290666,52.3552313
1326,4.9467601,52.371436999999986
1327,4.8740113,52.33711219999999
1328,4.9773284,52.3697918
1329,4.9064936999999995,52.34611410000001
1330,4.8867527,52.3732908
1331,4.895364699999999,52.3515196
1332,4.8905324,52.35696169999999
1333,4.8832856,52.3704586
1334,4.8991594,52.361324100000004
1335,4.8997982,52.3616615
1336,4.8982412,52.3628702
1337,4.898727899999999,52.36241249999999
1338,4.9167988,52.4077039
1339,4.900604600000001,52.3759159
1340,4.8995538,52.3764286
1341,4.9003478,52.3738957
1342,4.900306699999999,52.3737541
1343,4.9008076,52.3748415
1344,4.900996599999999,52.3753879
1345,4.8980878,52.371214
1346,4.897959599999999,52.37134720000001
1347,4.9026438,52.375992999999994
1348,4.8827265,52.3740548
1349,4.8459578,52.3753372
1350,4.9382809,52.3142448
1351,4.8819268,52.3772
1352,5.0141024,52.37229059999999
1353,4.8154227,52.43830289999998
1354,4.812174599999999,52.43859079999999
1355,4.8862655,52.36499049999999
1356,4.8938773,52.375399099999996
1357,4.888715999999999,52.3526397
1358,4.939344799999999,52.3327283
1359,4.836932,52.3438729
1360,4.9179626,52.34100589999999
1361,4.844466799999999,52.3422335
1362,4.907622299999999,52.386958899999996
1363,4.9080783,52.3869605
1364,4.8946836,52.37654590000001
1365,4.8925329,52.37524570000001
1366,4.8916859,52.37448070000001
1367,4.8916091,52.3743649
1368,4.8918953,52.37429279999999
1369,4.8909734,52.3711555
1370,4.891087299999999,52.3706358
1371,4.8909485,52.3720636
1372,4.890917399999999,52.3680262
1373,4.8914924,52.368947000000006
1374,4.895911199999999,52.366612
1375,4.891845599999999,52.4007935
1376,4.838450699999999,52.37302009999999
1377,4.8537622,52.38096269999998
1378,4.8544352,52.381038
1379,4.847945899999999,52.3843065
1380,4.851483799999999,52.3827631
1381,4.8469503,52.3842538
1382,4.893176999999999,52.357783
1383,4.9128056,52.3524294
1384,4.910410499999999,52.352946599999996
1385,4.8560243,52.3813656
1386,4.8560363,52.381553399999994
1387,4.893642099999999,52.371132
1388,4.8813295,52.362607100000005
1389,4.853724999999999,52.379747900000005
1390,4.8859045,52.3687632
1391,4.8497493,52.3784215
1392,4.846798,52.3776974
1393,4.848539599999999,52.37817389999999
1394,4.8693094,52.3355616
1395,4.8357221,52.3789557
1396,4.832368799999999,52.3794711
1397,4.8327151,52.379414000000004
1398,4.882682699999999,52.37373939999999
1399,4.829746499999999,52.379903399999996
1400,4.9274074,52.366895099999994
1401,4.8123788,52.3773442
1402,4.820528399999999,52.3802021
1403,4.820662499999999,52.380574899999985
1404,4.8219153,52.3817427
1405,4.9123687,52.374267899999985
1406,4.8328573,52.38027159999999
1407,4.8954293,52.37820080000001
1408,4.8570299,52.35151569999999
1409,4.8663036,52.36822690000001
1410,4.8673721,52.3701107
1411,4.9076499,52.3758617
1412,4.899566499999999,52.357513299999994
1413,4.889887400000001,52.36666259999999
1414,4.890415499999999,52.3663873
1415,4.891603299999999,52.3572501
1416,4.9036044,52.351324500000004
1417,4.8740828,52.3780392
1418,4.8141939,52.4377899
1419,4.893252199999999,52.3725106
1420,4.8614507,52.36439560000001
1421,4.8738784,52.3550513
1422,4.899444099999999,52.3722805
1423,4.8924555,52.3596549
1424,4.896983,52.36463189999999
1425,4.894414499999999,52.36743349999999
1426,4.8933252,52.371794300000005
1427,4.8945051,52.3727901
1428,4.896920599999999,52.36462329999999
1429,4.895158399999999,52.372519800000006
1430,4.9632764,52.34246329999999
1431,4.9621178,52.34168220000001
1432,4.900235,52.35587819999999
1433,4.8774935,52.3598881
1434,4.892824899999999,52.3555711
1435,4.890470599999999,52.356587299999994
1436,4.888986399999999,52.37719579999999
1437,4.926833799999999,52.3630661
1438,4.9022078,52.3836392
1439,4.9527374,52.3545731
1440,4.8873969,52.37197259999999
1441,4.8834923,52.3724478
1442,4.8832199,52.3717224
1443,4.883168599999999,52.371199600000004
1444,4.883149599999999,52.3711491
1445,4.9070196,52.361832699999994
1446,4.898418999999999,52.3750379
1447,4.9104342,52.3895103
1448,4.8940784,52.376147399999994
1449,4.889916299999999,52.3527817
1450,4.8827457999999995,52.3742229
1451,4.8961673999999995,52.3560366
1452,4.8822562,52.3765805
1453,4.8919612,52.4014307
1454,4.8986252,52.3755824
1455,4.8951518,52.366080000000004
1456,4.906703799999999,52.36390920000001
1457,4.8703926,52.3694421
1458,4.9016709,52.354061800000004
1459,4.906609999999999,52.3528
1460,4.9252080000000005,52.3667641
1461,4.9346354,52.4006253
1462,4.9342326,52.4010755
1463,4.8897542,52.36671459999999
1464,4.8864162,52.3663365
1465,4.8817023,52.37823730000001
1466,4.884036799999999,52.3786785
1467,4.8589142,52.3702176
1468,4.908187,52.35560169999999
1469,4.8920385,52.3624137
1470,4.8713926,52.3796284
1471,4.866846399999999,52.3666776
1472,4.884934299999999,52.364393899999996
1473,4.884785099999999,52.363109800000004
1474,4.8934251,52.35468709999999
1475,4.890582799999999,52.3686539
1476,4.901536300000001,52.376684499999996
1477,4.856925899999999,52.36450169999999
1478,4.872891599999999,52.3673548
1479,4.8849331,52.364384699999995
1480,4.963058,52.3415091
1481,4.962867000000001,52.341545
1482,4.9905086,52.3323445
1483,4.8897576,52.3744788
1484,4.9626894,52.34156629999999
1485,4.8874348,52.380132
1486,4.8903081,52.3737826
1487,4.8772774,52.348196800000004
1488,4.887319199999999,52.3521047
1489,4.8904782,52.3736059
1490,4.9272113,52.366892500000006
1491,4.9139889,52.3880783
1492,4.882686099999999,52.38006629999999
1493,4.8934634,52.3710975
1494,4.9108152,52.3703276
1495,4.9122719,52.370227099999994
1496,4.9110133,52.370407099999994
1497,4.9048156,52.3467294
1498,4.8904439,52.356360900000006
1499,4.8772798,52.411198199999994
1500,4.914224099999999,52.374510599999994
1501,4.883115699999999,52.3782075
1502,4.8762121,52.4003983
1503,4.8782019,52.39659519999999
1504,4.8936621,52.3532798
1505,4.8829781,52.3649437
1506,4.904357499999999,52.395767000000006
1507,4.9040826,52.39151019999999
1508,4.8399498,52.38864829999999
1509,4.900654,52.35530579999999
1510,4.905392100000001,52.432202000000004
1511,4.8692519,52.335872
1512,4.8741057,52.3640237
1513,4.805441299999999,52.3577843
1514,4.884484099999999,52.380332800000005
1515,4.8532671999999994,52.34138560000001
1516,4.840934299999999,52.359685999999996
1517,4.856660499999999,52.3789121
1518,4.867030899999999,52.366912400000004
1519,4.8301844,52.370139
1520,4.9186289,52.3700432
1521,4.943676099999999,52.3130039
1522,4.8752736,52.368212
1523,4.937760599999999,52.3990093
1524,5.0150798,52.358392
1525,4.8987461,52.3756883
1526,4.9101118,52.3532912
1527,4.8561356,52.34147670000001
1528,4.862460999999999,52.3708514
1529,4.859299999999999,52.36878589999999
1530,4.8595766,52.372154
1531,4.9672141,52.337340100000006
1532,4.881922599999999,52.39446000000001
1533,4.861234799999999,52.3751716
1534,4.9149073,52.34340199999999
1535,4.8970609,52.365747799999994
1536,4.890322,52.3664049
1537,4.922100799999999,52.34955930000001
1538,4.925897499999999,52.36758929999999
1539,4.8679304,52.3657455
1540,4.9112964,52.39448550000001
1541,4.8952277,52.3668621
1542,4.9119049,52.35605159999999
1543,4.9433797,52.3909611
1544,4.8116178,52.43806479999999
1545,4.898248499999999,52.3642489
1546,4.902887099999999,52.37359539999999
1547,4.911969499999999,52.369631899999995
1548,4.8688803,52.36737919999999
1549,4.8730849,52.3663172
1550,4.868425,52.366792600000004
1551,4.8683977,52.3668262
1552,4.8683646,52.366866800000004
1553,4.8683368,52.3669011
1554,4.8682999,52.3669465
1555,4.868314899999999,52.36692810000001
1556,4.8681049,52.36687489999999
1557,4.8681214,52.3668528
1558,4.868138700000001,52.36683010000001
1559,4.868161199999999,52.3667978
1560,4.8681989,52.36673729999999
1561,4.868267399999999,52.366993
1562,4.8682437,52.367027500000006
1563,4.8681905,52.36710089999999
1564,4.868158599999999,52.36713729999999
1565,4.8680671,52.367101600000005
1566,4.8680691,52.3669291
1567,4.8680275,52.36698460000001
1568,4.8679919,52.36703370000001
1569,4.8679547,52.36707899999998
1570,4.8566221999999994,52.3509568
1571,4.8269685,52.44031859999999
1572,4.8266314,52.4402992
1573,4.825932399999999,52.4400603
1574,4.8771649,52.337768800000006
1575,4.8850031,52.40590999999999
1576,4.884194699999999,52.3787062
1577,4.938182,52.35949299999999
1578,4.890443699999999,52.3809254
1579,4.8379398,52.3565284
1580,4.9564293,52.32820619999999
1581,4.9255852,52.3854206
1582,4.925879999999999,52.364685
1583,4.9571472,52.32890210000001
1584,4.9572934,52.3291061
1585,4.9485096,52.3113689
1586,4.8031094,52.44830950000001
1587,4.943771599999999,52.3915738
1588,4.8591295,52.358537
1589,4.8496858,52.35085620000001
1590,4.9291962,52.35478309999999
1591,4.8806009,52.35479719999999
1592,4.8991229,52.3661163
1593,4.899081399999999,52.366263
1594,4.903761299999999,52.3495211
1595,4.9078082,52.38697630000001
1596,4.9138068,52.35930919999999
1597,4.8712629,52.3670935
1598,4.9129991,52.358453
1599,4.859256099999999,52.3704135
1600,4.8869312,52.3525216
1601,4.8933578,52.3546767
1602,4.9035756,52.35000959999999
1603,4.8882808,52.369131499999995
1604,4.893956599999999,52.3666792
1605,4.8941862,52.36660620000001
1606,4.8937331,52.37748140000001
1607,4.9504437,52.3149175
1608,4.893348100000001,52.3547872
1609,4.882726,52.374283000000005
1610,4.8917237,52.35624680000001
1611,4.8783821,52.3634426
1612,4.872332499999999,52.36660280000001
1613,4.8875953999999995,52.388823699999996
1614,4.8948927,52.36679449999999
1615,4.932677199999999,52.4017707
1616,4.8937415,52.3593592
1617,4.918220099999999,52.3650398
1618,4.903390817001168,52.382549138985404
1619,4.89100577535995,52.401556801552324
1620,4.904716774954637,52.38320355907132
1621,4.906279483043662,52.33857809517457
1622,4.826450491419246,52.43920951908717
1623,4.826266080280006,52.421668967164344
1624,4.959384757465231,52.33644923577614
1625,4.9646773607776495,52.34084955922901
1626,4.848437632504639,52.335619315237736
1627,4.918931376171958,52.36661864283876
1628,4.836768679992737,52.38828989819767
1629,4.886186059254793,52.37907477992308
1630,4.934629674227433,52.37462803415982
1631,4.82085481929207,52.32632861710302
1632,4.922315166074744,52.3714738520064
1633,4.883307430964833,52.378115661779724
1634,4.884230003407747,52.37712825045895
1635,4.891433178906205,52.37506542181693
1636,4.878866676225391,52.37231901396346
1637,4.891377671239772,52.36913777330043
1638,4.889430101758963,52.36729299484477
1639,4.89825806846364,52.363322684370985
1640,4.888803351065525,52.36110060737468
1641,4.931040347191709,52.371437745129484
1642,4.8829910497499025,52.397563263097915
1643,4.86737515041482,52.381793750110575
1644,4.856724629515648,52.357848777575576
1645,4.895004860029463,52.32912614802285
1646,4.927868038402697,52.39061968303502
1647,4.906292504716576,52.3757497253003
1648,4.819594094729593,52.421997426443255
